name,mitra_brand_name,location
Full-stack Developer,DLHK DIY,Kota Yogyakarta
Frontend Programmer,LLDIKTI IX,Kota Makassar
UI/UX,LLDIKTI IX,Kota Makassar
Full Stack Programmer,LLDIKTI IX,Kota Makassar
Mobile Programmer,LLDIKTI IX,Kota Makassar
Backend Programmer,LLDIKTI IX,Kota Makassar
"Efficiency Energy Enthusiast (Management Energy Specialist, Data Analyst and Junior Auditor Energy )",Kementerian Energi Dan Sumber Daya Mineral,Kota Jakarta Pusat
User Experience (UX) Designer,Campus Digital Indonesia,Kota Semarang
Database Administrator,Campus Digital Indonesia,Kota Semarang
Software Developer (Front-end dan Back-end),Campus Digital Indonesia,Kota Semarang
Data Management Officer,Kobi Education,Kota Bandung
Back-end Developer,Kobi Education,Kota Bandung
UI/UX designer,Kobi Education,Kota Bandung
Data Management Intern,Kobi Education,Kota Bandung
Database Researcher,Kobi Education,Kota Bandung
Front-end Developer,Kobi Education,Kota Bandung
Software Developer,SMS Finance,Kota Jakarta Selatan
Data Analyst Intern,Neobank,Kota Jakarta Selatan
UI Designer Intern,Neobank,Kota Jakarta Selatan
QA Intern,Neobank,Kota Jakarta Selatan
Backend Developer Intern,Neobank,Kota Jakarta Selatan
Front End Developer Intern,Neobank,Kota Jakarta Selatan
Data Analysis Intern,RINGKAS,Kota Jakarta Selatan
Website Developer (WordPress),RINGKAS,Kota Jakarta Selatan
Enterprise Technology Intern,RINGKAS,Kota Jakarta Selatan
Software Engineering (Support),RINGKAS,Kota Jakarta Selatan
 Frontend Developer,Sagara Technology,Kota Jakarta Pusat
 System Analyst,Sagara Technology,Kota Jakarta Pusat
Quality Assurance (QA),Sagara Technology,Kota Jakarta Pusat
Mobile Developer,Sagara Technology,Kota Jakarta Pusat
Backend Developer ,Sagara Technology,Kota Jakarta Pusat
Data Exploration,Lokalate,Kota Jakarta Timur
IT - Business Analyst,Lokalate,Kota Jakarta Timur
Full Stack - Web Developer,Aksamedia,Kota Surabaya
Mobile Apps Developer,Aksamedia,Kota Surabaya
Front End - Web Developer,Aksamedia,Kota Surabaya
UI/UX Designer,Aksamedia,Kota Surabaya
Back End - Web Developer,Aksamedia,Kota Surabaya
Quality Assurance,Aksamedia,Kota Surabaya
T&D - UX Writer,Kompas Gramedia,Kota Jakarta Pusat
T&D - UX Researcher,Kompas Gramedia,Kota Jakarta Pusat
DNS - IT Developer,Kompas Gramedia,Kota Jakarta Pusat
ODOO - Odoo Web Developer Support Intern,Kompas Gramedia,Kota Jakarta Pusat
WHF - Warehouse & Fulfillment Technology Intern - Cakung,Kompas Gramedia,Kota Jakarta Pusat
DE - Data Engineering,Kompas Gramedia,Kota Jakarta Pusat
"ACAD - Asset and Art Data Administrator - Koleksi Lukisan, Wayang, dan Buku (Jakarta)",Kompas Gramedia,Kota Jakarta Pusat
"ACAD - Art Collection Data Administrator - Koleksi Keramik, Benda Kayu & Arsip (Jakarta, Bali)",Kompas Gramedia,Kota Jakarta Pusat
ACAD - Article Data Administrator (Bali),Kompas Gramedia,Kota Jakarta Pusat
HRDIP - HR Data Analyst,Kompas Gramedia,Kota Jakarta Pusat
OVAL - Data Analyst,Kompas Gramedia,Kota Jakarta Pusat
AdOps - Data Analyst,Kompas Gramedia,Kota Jakarta Pusat
Asisten Pengumpulan Data,Komodo Water,Kab. Manggarai Barat
QAQC (Quality Assurance and Quality Control),Gold Coin Group - Aboitiz Company,Kab. Deli Serdang
Web Development,Dinas Sosial Kota Medan,Kota Medan
Tech & Data Intern,GoTo,Kota Jakarta Selatan
IT Support & Programmer,KidZania Surabaya,Kota Surabaya
ULIP IT ,Unilever Indonesia,Kab. Tangerang
Data Analytics Intern,RedDoorz,Kota Jakarta Selatan
Product Developer,Grosirone,Kab. Tangerang
IT Network Engineer,Setjen DPR RI,Kota Jakarta Pusat
IT Server Engineer,Setjen DPR RI,Kota Jakarta Pusat
IT Security Engineer,Setjen DPR RI,Kota Jakarta Pusat
IT Governance Officer,Setjen DPR RI,Kota Jakarta Pusat
Programmer,Setjen DPR RI,Kota Jakarta Pusat
Mobile Programmer,Setjen DPR RI,Kota Jakarta Pusat
IT Data Analyst,Setjen DPR RI,Kota Jakarta Pusat
UI/UX Designer,Setjen DPR RI,Kota Jakarta Pusat
Pengumpul dan Pengolah Data,Setjen DPR RI,Kota Jakarta Pusat
Pengolah Data dan Informasi,Setjen DPR RI,Kota Jakarta Pusat
Junior Programmer Specialist,LLDIKTI Wilayah VII,Kota Surabaya
Junior Data Analyst,LLDIKTI Wilayah VII,Kota Surabaya
Junior Mobile Application Developer				,LLDIKTI Wilayah VII,Kota Surabaya
Junior Data Analyst,LLDIKTI Wilayah VII,Kota Surabaya
Junior Database (SQL) Developer,LLDIKTI Wilayah VII,Kota Surabaya
Junior Frontend Developer				,LLDIKTI Wilayah VII,Kota Surabaya
Junior Backend Application Developer,LLDIKTI Wilayah VII,Kota Surabaya
IT (Informasi & Teknologi),THE KANJENG HOTELS,Kota Denpasar
Teknologi Informasi,Jaswita Jabar,Kota Bandung
Backend Developer,Diskominfotiksan Pesawaran,Kab. Pesawaran
Frontend Developer,Diskominfotiksan Pesawaran,Kab. Pesawaran
UI/UX Designer,Diskominfotiksan Pesawaran,Kab. Pesawaran
System Analyst - Quality Assurance,Diskominfotiksan Pesawaran,Kab. Pesawaran
IT Event Lomba Film Pendek,PFN,Kota Jakarta Timur
System Integration,PFN,Kota Jakarta Timur
"Health, Security, and Environment (HSE) Intern (Jakarta)",Gobel Group,Kota Jakarta Timur
Information technology (IT) Intern (Jakarta),Gobel Group,Kota Jakarta Timur
Quality System Intern (Jakarta),Gobel Group,Kota Jakarta Timur
QA Officer (Compliance ),Gerakan Nasional Indonesia Kompeten (GNIK),Kab. Bandung Barat
Programmer,Gerakan Nasional Indonesia Kompeten (GNIK),Kab. Purwakarta
QA Officer,Gerakan Nasional Indonesia Kompeten (GNIK),Kab. Bekasi
Transport Management System (TMS) Development Support,Gerakan Nasional Indonesia Kompeten (GNIK),Kab. Karawang
Programmer,Gerakan Nasional Indonesia Kompeten (GNIK),Kab. Pekalongan
IT Support,Gerakan Nasional Indonesia Kompeten (GNIK),Kota Makassar
Quality assurance,Gerakan Nasional Indonesia Kompeten (GNIK),Kab. Pemalang
Data Analyst,Gerakan Nasional Indonesia Kompeten (GNIK),Kota Semarang
IT Infrastruktur,Gerakan Nasional Indonesia Kompeten (GNIK),Kab. Bandung Barat
Security - Safety Operation Assistant,Gerakan Nasional Indonesia Kompeten (GNIK),Kota Jakarta Pusat
IT Staff,Gerakan Nasional Indonesia Kompeten (GNIK),Kota Jakarta Timur
Programmer,Gerakan Nasional Indonesia Kompeten (GNIK),Kota Jakarta Pusat
UI/UX Designer,Gerakan Nasional Indonesia Kompeten (GNIK),Kota Jakarta Pusat
IT Programmer Intern,Gerakan Nasional Indonesia Kompeten (GNIK),Kab. Karawang
IT&T Assistant,Gerakan Nasional Indonesia Kompeten (GNIK),Kota Jakarta Pusat
QA Posmarket Officer,Gerakan Nasional Indonesia Kompeten (GNIK),Kab. Bandung Barat
Information and Technology,SEAMEO CECCEP,Kab. Bandung Barat
Sosial Media & Web Developer,INAmikro,Kota Surakarta
Commercial System Development,Kalbe Nutritionals,Kab. Karawang
Information Technology,Kalbe Nutritionals,Kab. Karawang
Building Automation System,Kalbe Nutritionals,Kab. Karawang
Management System,Kalbe Nutritionals,Kab. Karawang
Quality Assurance Intern - GVN,Kalbe Nutritionals,Kab. Karawang
QFS Application Development Intern,Kalbe Nutritionals,Kab. Karawang
"IT - Manufacture, Distribution & Retail",Martha Tilaar Group,Kota Jakarta Timur
MFG - Quality Assurance,Martha Tilaar Group,Kota Jakarta Timur
Mobile Developer,Radya Digital,Kota Bandung
QA,Radya Digital,Kota Bandung
UI/UX Designer,Radya Digital,Kota Bandung
Web Developer,Radya Digital,Kota Bandung
UI / UX Designer,BAZNAS,Kota Jakarta Timur
Mobile Programming,BAZNAS,Kota Jakarta Timur
UI/UX Designer,BAZNAS,Kota Jakarta Timur
Programmer Web,BAZNAS,Kota Jakarta Timur
Product Developer,BAZNAS,Kota Jakarta Timur
Programmer Web,BAZNAS,Kota Jakarta Timur
IT Quality Assurance,Alfahuma X Smartsoft,Kota Malang
Frontend Developer,Alfahuma X Smartsoft,Kota Malang
Programmer Backend,Alfahuma X Smartsoft,Kota Malang
Staf ICT/IT,SEAMEO QITEP in Language,Kota Jakarta Selatan
Back End Developer,Badan Pengembangan SDM Kementerian Kominfo,Kota Yogyakarta
Data Scientist,Badan Pengembangan SDM Kementerian Kominfo,Kab. Pohuwato
Back End Developer,Badan Pengembangan SDM Kementerian Kominfo,Kab. Pohuwato
Data Scientist,Badan Pengembangan SDM Kementerian Kominfo,Kota Gorontalo
Mobile Apps Developer,Badan Pengembangan SDM Kementerian Kominfo,Kota Gorontalo
Front End Developer,Badan Pengembangan SDM Kementerian Kominfo,Kota Gorontalo
Mobile Apps Developer,Badan Pengembangan SDM Kementerian Kominfo,Kota Surabaya
Data Scientist,Badan Pengembangan SDM Kementerian Kominfo,Kota Surabaya
Back End Developer,Badan Pengembangan SDM Kementerian Kominfo,Kota Gorontalo
 Back End Developer,Badan Pengembangan SDM Kementerian Kominfo,Kota Surabaya
Front End Developer,Badan Pengembangan SDM Kementerian Kominfo,Kota Yogyakarta
Data Scientist,Badan Pengembangan SDM Kementerian Kominfo,Kota Yogyakarta
Front End Developer,Badan Pengembangan SDM Kementerian Kominfo,Kota Surabaya
 Back End Developer,Badan Pengembangan SDM Kementerian Kominfo,Kota Yogyakarta
Data Analytics & Digital insight Intern														,Persatuan Sepak Bola Seluruh  Indonesia ,Kota Jakarta Pusat
Web Developer,Crustea,Kab. Ciamis
Web Developer,Crustea,Kab. Bandung Barat
Hardware & Software Technology,Crustea,Kota Jakarta Selatan
IoT/Software,Crustea,Kota Semarang
Web Developer,FUJICON,Kota Bandung
Quality Assurance,FUJICON,Kota Bandung
Android  atau iOS Developer,FUJICON,Kota Bandung
ERP Developer,FUJICON,Kota Bandung
Staff Information and Technology ,Hotel Harper Perintis,Kota Makassar
BUSINESS DATABASE ANALYZE,PT Pegadaian - MAGENTA,Kota Jakarta Pusat
Web Writer,Metro TV,Kota Jakarta Barat
Frontend Developer dan Fullstack Developer,LLDIKTI Wilayah V,Kota Yogyakarta
Fullstack Developer,EUREKA EDUTECH,Kota Jakarta Selatan
Mobile Developer,EUREKA EDUTECH,Kota Jakarta Selatan
UI/UX Designer,EUREKA EDUTECH,Kota Jakarta Selatan
QHSE & Security Intern,Shipper,Kota Jakarta Pusat
Sales System Improvement Intern,Shipper,Kota Jakarta Pusat
UI/UX Designer Intern,Shipper,Kota Jakarta Pusat
Training Content Developer-Commercial,Garudafood,Kota Jakarta Selatan
Database - Ivo Internasional (Export),Garudafood,Kota Jakarta Selatan
Training Developer - Manufacture,Garudafood,Kab. Gresik
Virtual Content Developer,Garudafood,Kab. Gresik
Training Content Developer-SCM,Garudafood,Kota Jakarta Selatan
Module Developer,Garudafood,Kota Jakarta Selatan
IT Support,Aston Banua Banjarmasin Hotel &amp; Convention Center,Kab. Banjar
Business System Specialist,OK OCE INDONESIA,Kota Jakarta Selatan
Website and Social Media Developer ,OK OCE INDONESIA,Kota Jakarta Selatan
Data Analyst,TRANS ENTERTAINMENT,Kota Jakarta Selatan
Frontend Programmer,NTG,Kota Jakarta Selatan
Backend Programmer,NTG,Kota Jakarta Selatan
Web Developer,Direktorat Jenderal Kebudayaan,Kab. Lembata
Analis Data,Direktorat Jenderal Kebudayaan,Kab. Lembata
Backend Developer,PT Cobra Dental Indonesia,Kota Jakarta Selatan
 Web Content Developer ,Hoshizora Foundation,Kota Yogyakarta
Supply Chain IT System Specialist Intern,ANTAM Tbk.,Kota Jakarta Selatan
IT Support ,Klob,Kota Jakarta Selatan
IT DEVELOPER,PT Asuransi Sinar Mas,Kota Jakarta Pusat
Data Curator Intern,Berdikari,Kota Jakarta Pusat
IT Developer Intern,Berdikari,Kota Jakarta Pusat
Information System & Technology - Smart & Connected Manufacturing Intern,Toyota Indonesia,"Sunter, Jakarta Utara & Karawang, Jawa Barat"
Information System & Technology - Excellent Operation & IT Infrastructure Department Intern,Toyota Indonesia,"Sunter, Jakarta Utara & Karawang, Jawa Barat"
Information System & Technology - Software Developer In-house Intern,Toyota Indonesia,"Sunter, Jakarta Utara & Karawang, Jawa Barat"
Blibli Technology Internship,Blibli.com,Kota Jakarta Pusat
IT Helpdesk,Hasnur Group,Kab. Tapin
Quality Management System Intern,Berdikari,Kab. Pasuruan
IT Developer Intern,Berdikari,Kab. Pasuruan
System Administrator,Hasnur Group,Kab. Tapin
System Analyst ,Hasnur Group,Kab. Tapin
"Public Relation Executive, Marketing Communication Executive, Account Executive, Graphic Designer, IT Executive, Human Resources Executive, Finance & Accounting Executive",FORTUNA,Kota Jakarta Selatan
IT Support,Klob,Kota Surabaya
IT Technical Writer,Hasnur Group,Kab. Tapin
Staff Database / Library - SinemArt,Surya Citra Media - EMTEK Group,Kota Jakarta Pusat
IT SAP Project Admin,Surya Citra Media - EMTEK Group,Kota Jakarta Pusat
IT Governance Admin,Surya Citra Media - EMTEK Group,Kota Jakarta Pusat
Data Analyst - Broadcast Maintenance,Surya Citra Media - EMTEK Group,Kota Jakarta Pusat
Indosiar - IP Accounts Program Indosiar & Whats App Channel Social Media Assistant,Surya Citra Media - EMTEK Group,Kota Jakarta Pusat
Data Analyst - MTV,Surya Citra Media - EMTEK Group,Kota Jakarta Pusat
Data Analyst - Marketing,Surya Citra Media - EMTEK Group,Kota Jakarta Pusat
IT SAP BASIS Engineer,Surya Citra Media - EMTEK Group,Kota Jakarta Pusat
IT SAP ABAP Engineer,Surya Citra Media - EMTEK Group,Kota Jakarta Pusat
IT SAP Modul PS Engineer,Surya Citra Media - EMTEK Group,Kota Jakarta Pusat
IT SAP Modul MM Engineer,Surya Citra Media - EMTEK Group,Kota Jakarta Pusat
IT SAP Modul FICO Engineer,Surya Citra Media - EMTEK Group,Kota Jakarta Pusat
IT Docker Engineer,Surya Citra Media - EMTEK Group,Kota Jakarta Pusat
IT Storage Engineer,Surya Citra Media - EMTEK Group,Kota Jakarta Pusat
Database Administrator,Surya Citra Media - EMTEK Group,Kota Jakarta Pusat
UI/UX Designer,Surya Citra Media - EMTEK Group,Kota Jakarta Pusat
UI/UX Engineer,Surya Citra Media - EMTEK Group,Kota Jakarta Pusat
Backend Developer - IT Business Application,Surya Citra Media - EMTEK Group,Kota Jakarta Pusat
Mobile Developer - IT Business Application,Surya Citra Media - EMTEK Group,Kota Jakarta Pusat
IT Engineering Project Admin,Surya Citra Media - EMTEK Group,Kota Jakarta Pusat
IT AppOps Project Admin,Surya Citra Media - EMTEK Group,Kota Jakarta Pusat
IT Business Application Admin,Surya Citra Media - EMTEK Group,Kota Jakarta Pusat
HR System & Analytics ,Surya Citra Media - EMTEK Group,Kota Jakarta Pusat
IT Helpdesk Support ,Surya Citra Media - EMTEK Group,Kota Jakarta Pusat
IT Network Services,Surya Citra Media - EMTEK Group,Kota Jakarta Pusat
IT System Services,Surya Citra Media - EMTEK Group,Kota Jakarta Pusat
Mobile Developer - IT Business Process & Project,Surya Citra Media - EMTEK Group,Kota Jakarta Pusat
Backend Developer - IT Business Process & Project,Surya Citra Media - EMTEK Group,Kota Jakarta Pusat
Junior Bussiness Analyst - System / Software,Surya Citra Media - EMTEK Group,Kota Jakarta Pusat
IT Logistic & Administration,Surya Citra Media - EMTEK Group,Kota Jakarta Pusat
Network Operation Ceter Technical Support,Surya Citra Media - EMTEK Group,Kota Jakarta Pusat
"A/V, IT & Post Production Technical Support",Surya Citra Media - EMTEK Group,Kota Jakarta Pusat
IT (Information Technolody),Swissôtel Nusantara,Kab. Penajam Paser Utara
Programmer,SEAMEO RECFON,Kota Jakarta Timur
Staf Web administration & Designer Publikasi,SEAMEO RECFON,Kota Jakarta Timur
IT GRC & Assurance Intern,LinkAja,Kota Jakarta Barat
Web Developer Intern,LinkAja,Kota Jakarta Barat
Fraud Data Analytics Intern,LinkAja,Kota Jakarta Barat
Data Engineer Intern,LinkAja,Kota Jakarta Barat
UX Researcher Intern,LinkAja,Kota Jakarta Barat
Android Developer Intern,LinkAja,Kota Jakarta Barat
IT Intern,MAP,Kota Jakarta Pusat
UI/UX Intern,MAP,Kota Jakarta Pusat
Backend Developer Support,Metra-Net,Kota Jakarta Selatan
Frontend Developer Support,Metra-Net,Kota Jakarta Selatan
UI/UX Designer,Metra-Net,Kota Jakarta Selatan
Software Quality Assurance,PT. Bimasakti Multi Sinergi,Kab. Sidoarjo
IT Developer ,PT. Bimasakti Multi Sinergi,Kab. Sidoarjo
Full Stack Developer (Laravel dan VueJS),PT. Bimasakti Multi Sinergi,Kab. Sidoarjo
Android Developer (XML Developer),PT. Bimasakti Multi Sinergi,Kab. Sidoarjo
Full Stack Developer  (NodeJS dan PHP),PT. Bimasakti Multi Sinergi,Kab. Sidoarjo
Web Master/Wordpress Developer,PT. Bimasakti Multi Sinergi,Kab. Sidoarjo
Android Developer (Kotlin),PT. Bimasakti Multi Sinergi,Kab. Sidoarjo
Programmer,Pengadilan Negeri Bale Bandung,Kab. Bandung
IT Developer,PT Adhi Karya (Persero) Tbk.,Kota Jakarta Timur
Mobile Apps Developer (React Native),IMAJIKU Web Developer,Kota Yogyakarta
Backend Developer (Web & Mobile Apps),IMAJIKU Web Developer,Kota Yogyakarta
Designer (Web & Mobile Apps),IMAJIKU Web Developer,Kota Yogyakarta
Frontend Developer,IMAJIKU Web Developer,Kota Yogyakarta
Information Technology ,TRANS7,Kota Jakarta Selatan
Quality Product & System Analyst ,GMK,Kota Tangerang
Data Management Intern,United Tractors,Kota Jakarta Timur
UI/UX Designer Intern,United Tractors,Kota Jakarta Timur
IT Management Intern,United Tractors,Kota Jakarta Timur
IT & Data Science Developer Intern,United Tractors,Kota Jakarta Timur
Programmer Pengembangan Aplikasi dan Web Kemitraan Lingkungan,Direktorat Kemitraan Lingkungan KLHK,19 Provinsi di Indonesia
Full Stack Web Developer,HiColleagues,Kota Jakarta Selatan
IT Support,SIER,Kota Surabaya
IT Programmer,SIER,Kota Surabaya
 IT  Support/Development ,Orela Shipyard,Kota Surabaya
 UI/UX Designer,Stress Management Indonesia,Kota Jakarta Selatan
 IT Intern,Stress Management Indonesia,Kota Jakarta Selatan
Analis Data Informasi dan Kerjasama,LLDIKTI WILAYAH 10,Kota Padang
Analis Data Kemahasiswaan,LLDIKTI WILAYAH 10,Kota Padang
Analis Data Mutu Pembelajaran,LLDIKTI WILAYAH 10,Kota Padang
Analis Data Perguruan Tinggi ,LLDIKTI WILAYAH 10,Kota Padang
Pengolah data dan Informasi Perencanaan dan Penganggaran,LLDIKTI WILAYAH 10,Kota Padang
Analis Data Ketatalaksanaan ,LLDIKTI WILAYAH 10,Kota Padang
Database Programmer,LLDIKTI WILAYAH 10,Kota Padang
Web Developer,LLDIKTI WILAYAH 10,Kota Padang
IT Intern,Artisan Kuliner Group,Kota Jakarta Selatan
Full Stack Developer,INKINDO,Kota Jakarta Pusat
UI/UX Designer ,INKINDO,Kota Jakarta Pusat
Java Developer ,Javan,Kab. Sleman
PHP Developer,Javan,Kab. Sleman
Quality Assurance,Javan,Kab. Sleman
Data Analyst and licencing monitoring officer,DPMPTSP Surabaya,Kota Surabaya
Social Media Specialist dan Software Engineer,DPMPTSP Surabaya,Kota Surabaya
Software Engineer,DPMPTSP Surabaya,Kota Surabaya
Data Analyst,DPMPTSP Surabaya,Kota Surabaya
Angular Developer,Javan,Kab. Sleman
Interactive Simulation Developer,SEAMEO QITEP in Science (SEAQIS),Kota Bandung
Monitoring Evaluation System Developer,SEAMEO QITEP in Science (SEAQIS),Kota Bandung
Task Tracker 2.0. Developer,SEAMEO QITEP in Science (SEAQIS),Kota Bandung
System Development,Adhimix Group,Kota Jakarta Selatan
IT,Alfath Corp,Kota Malang
IT Admin Intern,Matahari,Kota Tangerang
E-Learning Developer,Matahari,Kota Tangerang
Network Planning Assurance Intern,XL Axiata,Kota Jakarta Selatan
Technology Audit Intern,XL Axiata,Kota Jakarta Selatan
IT Business Analyst Intern,XL Axiata,Kota Jakarta Selatan
Trade and Network Analytics Intern,XL Axiata,Kota Jakarta Selatan
Network Insight Intern,XL Axiata,Kota Jakarta Selatan
Data Engineering & Development Intern,XL Axiata,Kota Jakarta Selatan
IT Risk Governance & Controls Intern,XL Axiata,Kota Jakarta Selatan
Network Roll-Out Intern,XL Axiata,Kota Jakarta Selatan
IT Transformation Development Intern,XL Axiata,Kota Jakarta Selatan
IT Core Charging Intern,XL Axiata,Kota Jakarta Selatan
Security Business Partner Intern,XL Axiata,Kota Jakarta Selatan
Security Governance Risk & Compliance Intern,XL Axiata,Kota Jakarta Selatan
IT Infrastructure Planning & Design Intern,XL Axiata,Kota Jakarta Selatan
CVM Data Science & Analytics Intern,XL Axiata,Kota Jakarta Selatan
Data Governance & Architect Intern,XL Axiata,Kota Jakarta Selatan
New Ventures & Technology Incubation Intern,XL Axiata,Kota Jakarta Selatan
DevOps Intern,XL Axiata,Kota Jakarta Selatan
Technology Procurement Intern,XL Axiata,Kota Jakarta Selatan
IT Project Management Intern,XL Axiata,Kota Jakarta Selatan
Data Governance & Architect Intern,XL Axiata,Kota Jakarta Selatan
"Fixed Connectivity, ICT & Cloud Intern",XL Axiata,Kota Jakarta Selatan
IT Analyst,Erajaya,Kota Jakarta Barat
Intern Asset Management System,Erajaya,Kota Jakarta Barat
Technology Development Quality Assurance,Erajaya,Kota Jakarta Barat
UI/UX Edukasi/Kampus Content & Community,Viva.co.id,Kota Jakarta Timur
UI/UX Digital/Gadget Content & Community,Viva.co.id,Kota Jakarta Timur
UI/UX Business Content & Community,Viva.co.id,Kota Jakarta Timur
UI/UX Automotive Content & Community,Viva.co.id,Kota Jakarta Timur
Data Analyst,Erajaya,Kota Jakarta Barat
Intern Business Support & System,Erajaya,Kota Jakarta Barat
Front End Developer,Erajaya,Kota Jakarta Barat
IT Analyst,Erajaya,Kota Jakarta Barat
QA Device Intern,Erajaya,Kota Jakarta Barat
Intern Back End Developer,Erajaya,Kota Jakarta Barat
Human Capital Database,Bank Syariah Indonesia atau BSI,Kota Jakarta Pusat & 10 Kantor Regional Office (Bidang Branch Banking Operation)
IT & Development & Digital Ops,Bank Syariah Indonesia atau BSI,Kota Jakarta Pusat & 10 Kantor Regional Office (Bidang Branch Banking Operation)
Full-stack Developer Pengembangan Aplikasi Knowledge Management,Disdukcapil Kota Semarang,Kota Semarang
Full-stack Developer Pengembangan Aplikasi  Kearsipan Pencatatan Sipil,Disdukcapil Kota Semarang,Kota Semarang
Full-stack Developer Pengembangan Aplikasi Portal Adminduk,Disdukcapil Kota Semarang,Kota Semarang
Full-stack Developer Pengembangan Aplikasi Antrian Online,Disdukcapil Kota Semarang,Kota Semarang
Full-stack Developer Pengembangan Aplikasi CS - Customer Service Digital,Disdukcapil Kota Semarang,Kota Semarang
Full-stack Developer Pengembangan Aplikasi Pengaduan dan Saran,Disdukcapil Kota Semarang,Kota Semarang
IT Support,Disdukcapil Kota Semarang,Kota Semarang
Full-stack Developer Pengembangan Aplikasi  Survei Kepuasan,Disdukcapil Kota Semarang,Kota Semarang
Full-stack Developer Pengembangan Aplikasi Mesin Pencari / Search Engine / FAQ - Frequently Asked Question,Disdukcapil Kota Semarang,Kota Semarang
Full-stack Developer Pengembangan Aplikasi Layanan Admindukcapil,Disdukcapil Kota Semarang,Kota Semarang
Full-stack Developer Pengembangan Aplikasi Kearsipan Pendaftaran Penduduk,Disdukcapil Kota Semarang,Kota Semarang
Full-stack Developer Pengembangan Aplikasi Layanan Kutipan,Disdukcapil Kota Semarang,Kota Semarang
Full-stack Developer Pengembangan Aplikasi Konsultasi Lanjutan,Disdukcapil Kota Semarang,Kota Semarang
IT Infrastucture Support Officer,PT Bumitama Gunajaya Agro,Kota Jakarta Selatan
Transportation and Mechanization Data Analyst Officer,PT Bumitama Gunajaya Agro,Kota Jakarta Selatan
Application Development Officer,PT Bumitama Gunajaya Agro,Kota Jakarta Selatan
Business Intelegence (BI) and Artificial Intelegence (AI) Officer,PT Bumitama Gunajaya Agro,Kota Jakarta Selatan
Statistical and Data Analysis Officer,PT Bumitama Gunajaya Agro,Kota Jakarta Selatan
Fullstack Developer (SISTER - SARPRAS),Dikti,Kota Jakarta Pusat
System Analyst ( SISTER - SARPRAS),Dikti,Kota Jakarta Pusat
UI/UX Designer (SISTER - SARPRAS),Dikti,Kota Jakarta Pusat
Database Engineer (SISTER - SARPRAS),Dikti,Kota Jakarta Pusat
UI/UX Engineer (Kedaireka),Dikti,Kota Jakarta Pusat
Quality Assurance (Intradikti),Dikti,Kota Jakarta Pusat
Quality Assurance (Backoffice),Dikti,Kota Jakarta Pusat
Quality Assurance (Kedaireka),Dikti,Kota Jakarta Pusat
 Front-End Developer (Intradikti),Dikti,Kota Jakarta Pusat
 Front-End Developer (Kedaireka),Dikti,Kota Jakarta Pusat
Back-End Developer (Intradikti),Dikti,Kota Jakarta Pusat
Back-End Developer (Kedaireka),Dikti,Kota Jakarta Pusat
Fullstack Developer (Backoffice),Dikti,Kota Jakarta Pusat
UI/UX Engineer (Intradikti),Dikti,Kota Jakarta Pusat
UI/UX Engineer  (Backoffice),Dikti,Kota Jakarta Pusat
Analis Data (Tim Penelitian),Dikti,Kota Jakarta Pusat
Pengelohan Data Laporan Keuangan,Dikti,Kota Jakarta Pusat
"IT, Analis Data (Tim Jurnal Publikasi)",Dikti,Kota Jakarta Pusat
"Media komunikasi, Design, dan IT (Tim Pengabdian)",Dikti,Kota Jakarta Pusat
Data Annotator (Blockchain),Dikti,Kota Jakarta Pusat
Artificial Intelligence (AI) Engineer (Blockchain),Dikti,Kota Jakarta Pusat
Metaverse Grapich Desainer (Blockchain),Dikti,Kota Jakarta Pusat
Infrastructure Adm (Blockchain),Dikti,Kota Jakarta Pusat
Blockchain / Web3 Developer,Dikti,Kota Jakarta Pusat
Metaverse Developer (Blockchain),Dikti,Kota Jakarta Pusat
Database Engineer (SISTER-BKD),Dikti,Kota Jakarta Pusat
QA Enginnering (SISTER-BKD),Dikti,Kota Jakarta Pusat
UI/UX Engineer (SISTER-BKD),Dikti,Kota Jakarta Pusat
Fullstack Developer (SISTER-BKD),Dikti,Kota Jakarta Pusat
DevOps (PDDikti),Dikti,Kota Jakarta Pusat
Front-End Developer (PDDikti),Dikti,Kota Jakarta Pusat
UI/UX Designer (PDDikti),Dikti,Kota Jakarta Pusat
Back-End Developer (PDDikti),Dikti,Kota Jakarta Pusat
 Data Scientist (PDDikti),Dikti,Kota Jakarta Pusat
 QA Engineering (PDDikti),Dikti,Kota Jakarta Pusat
 Mobile Developer Android + ios (Satudikti),Dikti,Kota Jakarta Pusat
UI/UX Designer (Satudikti),Dikti,Kota Jakarta Pusat
Quality Assurance (Satudikti),Dikti,Kota Jakarta Pusat
Back-End Developer (Satudikti),Dikti,Kota Jakarta Pusat
Fullstack Developer (BMN),Dikti,Kota Jakarta Pusat
Pengolah Data,DINAS KOPERASI USAHA KECIL DAN MENENNGAH DAN PERDAGANGAN KOTA SURABAYA,Kota Surabaya
System Development,PT Mega Manunggal Property Tbk,Kota Jakarta Timur
IT Developer,PT Mega Manunggal Property Tbk,Kota Jakarta Timur
Front-End Developer,BISA AI ACADEMY,Kota Bogor
Instruktur Cyber Security,BISA AI ACADEMY,Kota Bogor
UI/UX Designer,BISA AI ACADEMY,Kota Bogor
System Analyst,BISA AI ACADEMY,Kota Bogor
Front-End Developer,BISA AI ACADEMY,Kota Bogor
Instruktur Data Science,BISA AI ACADEMY,Kota Bogor
Instruktur Full Stack Programming,BISA AI ACADEMY,Kota Bogor
Back-End Developer,BISA AI ACADEMY,Kota Bogor
Back-End Developer,BISA AI ACADEMY,Kota Bogor
Instruktur Data Science,BISA AI ACADEMY,Kota Bogor
Back-End Developer,BISA AI ACADEMY,Kota Bogor
Back-End Developer,BISA AI ACADEMY,Kota Bogor
Instruktur Cyber Security,BISA AI ACADEMY,Kota Bogor
Front-End Developer,BISA AI ACADEMY,Kota Bogor
Instruktur UI/UX,BISA AI ACADEMY,Kota Bogor
Instruktur Full Stack Programming,BISA AI ACADEMY,Kota Bogor
Back-End Developer,BISA AI ACADEMY,Kota Bogor
UI/UX Designer,BISA AI ACADEMY,Kota Bogor
Android Developer,BISA AI ACADEMY,Kota Bogor
IT Development & Operation,ANTV,Kota Jakarta Selatan
IT Business System & Technology,PT Nestle Indonesia,Kota Jakarta Selatan
Staff Quality Management System,Fiber Optik,Kota Jakarta Barat
Staff Quality Assurance & Innovation,Fiber Optik,Kota Jakarta Barat
Pengelola Data Satuan Pengawas Internal,LLDIKTI4,Kota Bandung
Pengolah Data Kelembagaan dan Sarana Prasana Perguruan Tinggi,LLDIKTI4,Kota Bandung
Pengolah Data,LLDIKTI4,Kota Bandung
Pengolah Data Kerjasama,LLDIKTI4,Kota Bandung
Pengolah Data Pembiayaan Pendidikan,LLDIKTI4,Kota Bandung
Pengolah Data Akademik dan Kemahasiswaan,LLDIKTI4,Kota Bandung
Pengolah Data dan Informasi Pendidikan Tinggi,LLDIKTI4,Kota Bandung
UI/UX Designer,Social Economic Accelerator Lab (SEAL),Kab. Malang
System Analyst,Social Economic Accelerator Lab (SEAL),Kab. Malang
Backend Developer,Social Economic Accelerator Lab (SEAL),Kab. Malang
Frontend Developer,Social Economic Accelerator Lab (SEAL),Kab. Malang
Cloud Engineer,Social Economic Accelerator Lab (SEAL),Kab. Malang
Pengolah Data Perpustakaan,LLDIKTI4,Kota Bandung
"Pengolah Data Perencanaan, Keuangan, dan Barang Milik Negara (BMN)",LLDIKTI4,Kota Bandung
"Pengolah Data Hukum, Kepegawaian, dan Tatalaksana",LLDIKTI4,Kota Bandung
Pengolah Data Pendidik dan Tenaga Kependidikan,LLDIKTI4,Kota Bandung
Cyber Security Analysis Internship,Bank BTN,Kota Jakarta Pusat
 IT Project Development Internship,Bank BTN,Kota Jakarta Pusat
Web & Social Media Internship,Bank BTN,Kota Jakarta Pusat
Digitalisasi Data dan Media Spesialist,Dinas Lingkungan Hidup Kota Surabaya,Kota Surabaya
ODOO Developer Team,Axioo,Kota Bandung
ODOO Developer Team,Axioo,Kota Jakarta Timur
IT Support,ELZATTA DAUKY,Kota Bandung
Quality Assurance,ELZATTA DAUKY,Kota Bandung
Data Management Marketing,LAZNAS LMI,Kota Surabaya
Programmer Fullstack,LAZNAS LMI,Kota Surabaya
Mobile Developer Android,LAZNAS LMI,Kota Surabaya
Mobile Developer iOS,LAZNAS LMI,Kota Surabaya
Database Administrator,LAZNAS LMI,Kota Surabaya
System Administrator,LAZNAS LMI,Kota Surabaya
Programmer,Kuanta,Gayungsari Kota Surabaya Jawa Timur
Analisis Data,Kuanta,Gayungsari Kota Surabaya Jawa Timur
Data Analyst,LAZNAS LMI,Kota Surabaya
Data Analyst,The Farmhill,Kota Semarang
Web Development,The Farmhill,Kota Semarang
Fullstack Developer,"Badan Strategi Kebijakan Luar Negeri (BSKLN), Kementerian Luar Negeri",Kota Jakarta Pusat
Data Engineer,"Badan Strategi Kebijakan Luar Negeri (BSKLN), Kementerian Luar Negeri",Kota Jakarta Pusat
Data Scientist,"Badan Strategi Kebijakan Luar Negeri (BSKLN), Kementerian Luar Negeri",Kota Jakarta Pusat
UI/UX Designer,"Badan Strategi Kebijakan Luar Negeri (BSKLN), Kementerian Luar Negeri",Kota Jakarta Pusat
System Analyst,"Badan Strategi Kebijakan Luar Negeri (BSKLN), Kementerian Luar Negeri",Kota Jakarta Pusat
HUMAN CAPITAL SYSTEM ANALYST,Alfamart,Kota Tangerang
MARKETING DATA ANALYST  BALARAJA,Alfamart,Kota Tangerang
MARKETING DATA ANALYST  BALI,Alfamart,Kota Tangerang
MARKETING DATA ANALYST  BANDUNG,Alfamart,Kota Tangerang
MARKETING DATA ANALYST  BANDUNG 2,Alfamart,Kota Tangerang
MARKETING DATA ANALYST  BANJARMASIN,Alfamart,Kota Tangerang
MARKETING DATA ANALYST  BATAM,Alfamart,Kota Tangerang
MARKETING DATA ANALYST  BEKASI,Alfamart,Kota Tangerang
MARKETING DATA ANALYST  BOGOR,Alfamart,Kota Tangerang
MARKETING DATA ANALYST  CIANJUR,Alfamart,Kota Tangerang
MARKETING DATA ANALYST  CIKOKOL,Alfamart,Kota Tangerang
MARKETING DATA ANALYST  KOTABUMI,Alfamart,Kota Tangerang
MARKETING DATA ANALYST  LAMPUNG,Alfamart,Kota Tangerang
MARKETING DATA ANALYST  CILACAP,Alfamart,Kota Tangerang
MARKETING DATA ANALYST  TEGAL,Alfamart,Kota Tangerang
MARKETING DATA ANALYST  SIDOARJO,Alfamart,Kota Tangerang
MARKETING DATA ANALYST  CILEUNGSI 2,Alfamart,Kota Tangerang
MARKETING DATA ANALYST  SERANG,Alfamart,Kota Tangerang
MARKETING DATA ANALYST  JAMBI,Alfamart,Kota Tangerang
MARKETING DATA ANALYST  SEMARANG,Alfamart,Kota Tangerang
MARKETING DATA ANALYST  JEMBER,Alfamart,Kota Tangerang
MARKETING DATA ANALYST  REMBANG,Alfamart,Kota Tangerang
MARKETING DATA ANALYST  KARAWANG,Alfamart,Kota Tangerang
MARKETING DATA ANALYST  KLATEN,Alfamart,Kota Tangerang
MARKETING DATA ANALYST  MADIUN,Alfamart,Kota Tangerang
MARKETING DATA ANALYST  LOMBOK,Alfamart,Kota Tangerang
MARKETING DATA ANALYST  MAKASAR,Alfamart,Kota Tangerang
MARKETING DATA ANALYST  MALANG,Alfamart,Kota Tangerang
MARKETING DATA ANALYST  MANADO,Alfamart,Kota Tangerang
MARKETING DATA ANALYST  MEDAN,Alfamart,Kota Tangerang
MARKETING DATA ANALYST  PALEMBANG,Alfamart,Kota Tangerang
MARKETING DATA ANALYST  PARUNG,Alfamart,Kota Tangerang
MARKETING DATA ANALYST  PEKANBARU,Alfamart,Kota Tangerang
MARKETING DATA ANALYST  PLUMBON,Alfamart,Kota Tangerang
MARKETING DATA ANALYST  PONTIANAK,Alfamart,Kota Tangerang
CUSTOMER CARE OPERATOR & QUALITY ASSURANCE,Alfamart,Kota Tangerang
LOCATION DATA ANALYST,Alfamart,Kota Tangerang
SYSTEM DATA MINING SPECIALIST (AKSESMU),Alfamart,Kota Tangerang
LOGISTIC SYSTEM,Alfamart,Kota Tangerang
ENHANCE AKSESMU PLATFORM - UI UX (AKSESMU),Alfamart,Kota Tangerang
ENHANCE AKSESMU PLATFORM - QA (AKSESMU),Alfamart,Kota Tangerang
QUALITY ASSURANCE,Alfamart,Kota Tangerang
MARKETING DATA ANALYST HEAD OFFICE,Alfamart,Kota Tangerang
PROJECT PLANNING AND DEVELOPMENT (IT),Alfamart,Kota Tangerang
IT Security Intern,PFI Mega Life,Kota Jakarta Selatan
Sales Data Support Intern,PFI Mega Life,Kota Jakarta Selatan
System Solution Intern,PFI Mega Life,Kota Jakarta Selatan
Data Analyst Intern,PFI Mega Life,Kota Jakarta Selatan
Telkomsel Network Operation Intern - Core Transport,Telkomsel,Kota Palembang
Telkomsel Cloud Platform Engineering Intern - IPTV Solution,Telkomsel,Kota Jakarta Selatan
Telkomsel Digital Technology Analyst Intern,Telkomsel,Kota Jakarta Selatan
Telkomsel Software Development Intern,Telkomsel,Kota Jakarta Selatan
Telkomsel Data Analytics Intern,Telkomsel,Kota Jakarta Selatan
Telkomsel Data Customer Analytics Intern,Telkomsel,Kota Bandung
Telkomsel UI/UX Designer Intern,Telkomsel,Kota Bandung
Telkomsel Data Analytics Intern,Telkomsel,Kota Jakarta Selatan
Telkomsel Software Development Intern - Software Engineer,Telkomsel,Kota Jakarta Selatan
Telkomsel Software Development Intern - Software Engineer,Telkomsel,Kota Jakarta Selatan
Telkomsel Data Analytics Intern,Telkomsel,Kota Jakarta Selatan
Telkomsel UI/UX Designer Intern,Telkomsel,Kota Jakarta Selatan
Telkomsel Software Development Intern - Software Engineer,Telkomsel,Kota Jakarta Selatan
Telkomsel Software Development Intern - DevSecOps Engineer,Telkomsel,Kota Jakarta Selatan
Telkomsel Software Development Intern - Web Developer Engineer,Telkomsel,Kota Denpasar
Data Management Enthusiast,Telkomsel,Kota Jakarta Selatan
Telkomsel Software Development Intern - Software Engineer,Telkomsel,Kota Jakarta Selatan
Telkomsel Software Development Intern - FrontEnd Engineer,Telkomsel,Kota Jakarta Selatan
Telkomsel Software Development Intern - Technical Writer,Telkomsel,Kota Jakarta Selatan
Telkomsel UI/UX Research Intern,Telkomsel,Kota Jakarta Selatan
Telkomsel Software Development Intern - Web Developer Engineer,Telkomsel,Kota Jakarta Selatan
Telkomsel ICT Technology Assessment Intern,Telkomsel,Kota Jakarta Selatan
Telkomsel NextGen Technology Development Intern - 5G and IoT,Telkomsel,Kota Jakarta Selatan
Telkomsel Data Analytics Intern,Telkomsel,Kota Bandung
Telkomsel UI/UX Designer Intern,Telkomsel,Kota Jakarta Selatan
Data Management Enthusiast,Telkomsel,Kota Jakarta Selatan
Telkomsel UI/UX Designer Intern,Telkomsel,Kota Jakarta Selatan
Telkomsel Data Analytics Intern,Telkomsel,Kota Pontianak
Telkomsel Data Analytics Intern,Telkomsel,Kota Parepare
Telkomsel Software Development Intern - Software Engineer,Telkomsel,Kota Jakarta Selatan
Telkomsel Software Development Intern - Web Developer Engineer,Telkomsel,Kota Jakarta Selatan
Telkomsel UI/UX Designer Intern,Telkomsel,Kota Jakarta Selatan
Dunia Games Data Analytics Intern,Telkomsel,Kota Jakarta Selatan
Telkomsel UX Writer Intern,Telkomsel,Kota Jakarta Selatan
Telkomsel Data Analytics Intern,Telkomsel,Kota Jakarta Selatan
Telkomsel Software Development Intern - Software Engineer,Telkomsel,Kota Dumai
Telkomsel People Management Intern - UI/UX Designer,Telkomsel,Kota Jakarta Selatan
Telkomsel Software Development Intern - Web Developer Engineer,Telkomsel,Kota Medan
Telkomsel Data Analytics Intern,Telkomsel,Kota Medan
Telkomsel Data Analytics Statistic Intern,Telkomsel,Kota Medan
Telkomsel Software Development Intern - Software Engineer,Telkomsel,Kota Jakarta Selatan
Telkomsel UI/UX Designer Intern,Telkomsel,Kota Padang
Telkomsel Software Development Intern - Software Engineer,Telkomsel,Kota Padang
Telkomsel Software Developer Intern - Mobile Apps Engineer,Telkomsel,Kota Tangerang Selatan
Telkomsel Software Developer Intern - Mobile Apps Engineer (Android),Telkomsel,Kota Jakarta Selatan
Telkomsel Data Analytics Intern,Telkomsel,Kota Jakarta Selatan
Telkomsel Data Analytics Intern,Telkomsel,Kota Jakarta Selatan
Telkomsel Data Analytics Intern,Telkomsel,Kota Batam
Telkomsel Network Deployment and Operation Intern,Telkomsel,Kota Jakarta Timur
Telkomsel Software Development Intern - Software Engineer,Telkomsel,Kota Palembang
Telkomsel UI/UX Research Intern,Telkomsel,Kota Palembang
Telkomsel UI/UX Designer Intern,Telkomsel,Kota Palembang
Telkomsel Software Development Intern - Web Developer Engineer,Telkomsel,Kota Surabaya
Telkomsel Software Development Intern - Software Engineer,Telkomsel,Kota Surabaya
Telkomsel Data Analytics Intern,Telkomsel,Kota Surabaya
Telkomsel Data Engineer Intern,Telkomsel,Kota Jakarta Selatan
Telkomsel Data Analytics Intern,Telkomsel,Kota Jakarta Selatan
Telkomsel Network Operation Intern,Telkomsel,Kab. Sikka
Telkomsel Network Data Engineer Intern,Telkomsel,Kab. Manokwari
Telkomsel Digital Technology Analyst Intern,Telkomsel,Kota Jakarta Selatan
Telkomsel NextGen Technology Development Intern - IoT Project Branch Surakarta,Telkomsel,Kota Surakarta
Telkomsel Software Development Intern - Software Engineer,Telkomsel,Kota Surakarta
Telkomsel Network Deployment and Operation Intern,Telkomsel,Kota Surakarta
Telkomsel Software Developer Intern - Mobile Apps Engineer,Telkomsel,Kota Pangkalpinang
Telkomsel Data Analytics Intern,Telkomsel,Kota Jakarta Selatan
Telkomsel Software Development Intern - Software Engineer,Telkomsel,Kota Jakarta Selatan
Offensive Security Intern,Telkomsel,Kota Jakarta Selatan
Telkomsel Data Protection Analyst Intern,Telkomsel,Kota Jakarta Selatan
Telkomsel Software Development Intern - Software Engineer,Telkomsel,Kota Jakarta Selatan
Telkomsel Data Analytics Intern,Telkomsel,Kota Jakarta Selatan
Telkomsel Data Analytics Intern,Telkomsel,Kab. Sikka
Telkomsel UI/UX Research Intern,Telkomsel,Kota Jakarta Selatan
Telkomsel Data Analytics Intern,Telkomsel,Kota Jakarta Selatan
Telkomsel Data Analytics Intern - HRC Segment,Telkomsel,Kota Makassar
Telkomsel Data Engineer Intern,Telkomsel,Kota Makassar
Telkomsel Data Analytics Intern - Network Operation,Telkomsel,Kota Makassar
Telkomsel NextGen Technology Development Intern - Vertical Industrial IoT GTM,Telkomsel,Kota Jakarta Selatan
Telkomsel Cloud Platform Engineering Intern,Telkomsel,Kota Jakarta Selatan
Telkomsel Data Analytics Intern,Telkomsel,Kota Denpasar
Telkomsel Software Development Intern - Software Engineer,Telkomsel,Kota Jakarta Selatan
Telkomsel UI/UX Designer Intern,Telkomsel,Kota Jakarta Selatan
Telkomsel Data Analytics Intern,Telkomsel,Kota Balikpapan
Telkomsel Software Development Intern - Software Engineer,Telkomsel,Kota Jakarta Selatan
Telkomsel UI/UX Designer Intern,Telkomsel,Kota Jakarta Selatan
Telkomsel Data Engineer Intern,Telkomsel,Kota Medan
Telkomsel Network Operation Intern,Telkomsel,Kota Medan
Telkomsel Network Deployment Intern,Telkomsel,Kota Medan
Telkomsel Data Analytics Intern,Telkomsel,Kota Jakarta Selatan
Telkomsel Software Development Intern - Software Engineer,Telkomsel,Kota Jakarta Selatan
Telkomsel UI/UX Designer Intern,Telkomsel,Kota Jakarta Selatan
Telkomsel Network Operation Intern - Network Operation,Telkomsel,Kota Palembang
Telkomsel UI/UX Research Intern,Telkomsel,Kota Jakarta Selatan
Telkomsel Software Development Intern - Software Engineer,Telkomsel,Kota Palembang
Telkomsel Software Development Intern - FrontEnd Engineer,Telkomsel,Kota Palembang
Telkomsel Software Development Intern - BackEnd Engineer,Telkomsel,Kota Palembang
Telkomsel Software Development Intern - BackEnd Engineer,Telkomsel,Kota Medan
Telkomsel Software Development Intern - FrontEnd Engineer,Telkomsel,Kota Medan
Telkomsel NextGen Technology Development Intern - Solution IoT Engineer,Telkomsel,Kota Jakarta Selatan
Telkomsel Software Development Intern - Web Developer Engineer,Telkomsel,Kota Jakarta Selatan
Telkomsel Software Developer Intern - Mobile Apps Engineer (Android),Telkomsel,Kota Jakarta Selatan
Telkomsel Data Analytics Intern,Telkomsel,Kota Jakarta Selatan
Telkomsel Software Development Intern - FrontEnd Engineer,Telkomsel,Kota Jakarta Selatan
Telkomsel UI/UX Designer Intern,Telkomsel,Kota Jakarta Selatan
Telkomsel Software Development Intern - Technical Writer,Telkomsel,Kota Jakarta Selatan
Telkomsel Data Engineer Intern,Telkomsel,Kota Pekanbaru
Telkomsel Software Development Intern - Unix/Linux Engineer,Telkomsel,Kota Pekanbaru
Telkomsel Network Deployment and Operation Intern,Telkomsel,Kota Pekanbaru
Telkomsel Software Development Intern - Web Developer Engineer,Telkomsel,Kota Pekanbaru
Telkomsel Data Analytics Intern,Telkomsel,Kota Pekanbaru
Telkomsel UI/UX Designer Intern,Telkomsel,Kota Pekanbaru
Telkomsel Data Analytics Intern,Telkomsel,Kota Jakarta Selatan
Back-End Developer (Industrial),Healthy One (Pharos and Century Group),Kota Jakarta Selatan
Robotic Programming / Electrical Engineer / IoT Specialist,Healthy One (Pharos and Century Group),Kota Jakarta Selatan
Front-End Developer (Flutter),Healthy One (Pharos and Century Group),Kota Jakarta Selatan
UI/UX Designer,Healthy One (Pharos and Century Group),Kota Jakarta Selatan
Back-End Developer (Python),Healthy One (Pharos and Century Group),Kota Jakarta Selatan
Software Quality Assurance / Project Management,Healthy One (Pharos and Century Group),Kota Jakarta Selatan
Front-End Developer (React Native),Healthy One (Pharos and Century Group),Kota Jakarta Selatan
Back-End Developer (Golang),Healthy One (Pharos and Century Group),Kota Jakarta Selatan
Data Analyst / Data Scientist & AI Developer,Healthy One (Pharos and Century Group),Kota Jakarta Selatan
Data Engineer Intern,Bina Pertiwi,Kota Jakarta Timur
Front-End Web Developer,Homeschooling Kak Seto Depok,Kota Depok
Technology Process Management and RAMS,PT INKA (Persero),Kota Madiun
IT,PT INKA (Persero),Kota Madiun
Software Engineer ,Dinas Kependudukan Dan Pencatatan Sipil Kota Malang,Kota Malang
Software Tester ,Dinas Kependudukan Dan Pencatatan Sipil Kota Malang,Kota Malang
System Analyst,Dinas Kependudukan Dan Pencatatan Sipil Kota Malang,Kota Malang
Digital Data - Autopedia (Jakarta),ASSA,Kota Jakarta Utara
Mobile App Developer,Vocasia,Kota Jakarta Timur
Front End Developer,Vocasia,Kota Jakarta Timur
Back End Developer,Vocasia,Kota Jakarta Timur
UI/UX Designer,Vocasia,Kota Jakarta Timur
Software Tester / QA,Vocasia,Kota Jakarta Timur
Programmer Dan Dokumentasi IT,Badan Pendapatan Daerah Kota Surabaya,Kota Surabaya
IT Developer (2),Trafoindo,Kota Jakarta Pusat
IT Developer (3),Trafoindo,Kota Jakarta Pusat
IT Developer (1),Trafoindo,Kota Tangerang
Management Information System,Nielseniq,Kota Jakarta Selatan
Information System Management,Nielseniq,Kota Jakarta Selatan
Analis Data dan Kebijakan,"Direktorat Jenderal Industri Kimia, Farmasi Dan Tektil, Kementerian Perindustrian",Kota Jakarta Selatan
Admin and Developer,BTPN Syariah,Kota Jakarta Selatan
IT Developer,BTPN Syariah,Kota Jakarta Selatan
Database & Process Improvement,BTPN Syariah,Kota Jakarta Selatan
UX Research,BTPN Syariah,Kota Jakarta Selatan
Kediri - Online Market Developer,Paragon Technology and Innovation,Kota Jakarta Selatan
Corporate Management System Content Creator Intern,Paragon Technology and Innovation,Kota Jakarta Selatan
Corporate Management System Data Analyst,Paragon Technology and Innovation,Kota Jakarta Selatan
Customer Care - Data Analitycs Assistant Intern,Paragon Technology and Innovation,Kota Jakarta Selatan
DevOps Engineer - Intern,Paragon Technology and Innovation,Kota Jakarta Selatan
Data Analyst,Paragon Technology and Innovation,Kota Jakarta Selatan
Data Engineer - Data Warehouse Engineer Intern,Paragon Technology and Innovation,Kota Jakarta Selatan
Data Engineer - Data Infrastructure Engineer Intern,Paragon Technology and Innovation,Kota Jakarta Selatan
Technology Experience Associate (Logistics & Distribution),Paragon Technology and Innovation,Kota Jakarta Selatan
Technology Experience Associate (Commercial),Paragon Technology and Innovation,Kota Jakarta Selatan
Technology Experience Associate (Supply & Distribution),Paragon Technology and Innovation,Kota Jakarta Selatan
BE Data Mining & Analyst,Paragon Technology and Innovation,Kota Jakarta Selatan
Dicoding AI/ML Engineer - Bandung,Dicoding Academy,Kota Bandung
Dicoding Data Scientist - Bandung,Dicoding Academy,Kota Bandung
Dicoding Data Scientist - Bintaro,Dicoding Academy,Kota Tangerang Selatan
Quality Assurance & Web Developer,Link Productive,Kota Cilegon & Yogyakarta
Full-stack Developer ,Zen Multimedia,Kab. Purwakarta
Accounting System SIMRS ,Zen Multimedia,Kab. Purwakarta
Backend Engineer Intern,Hangry Indonesia,Kota Jakarta Barat
Mandarin Content Developer,Cakap,Kota Jakarta Barat
English Content Developer,Cakap,Kota Jakarta Barat
Business Content Developer,Cakap,Kota Jakarta Barat
Cakap Kids Acadeny Content Developer,Cakap,Kota Jakarta Barat
Assessment Developer,Cakap,Kota Jakarta Barat
Upskill Content Developer,Cakap,Kota Jakarta Barat
"IT, Digital & Operations",Bank Danamon,Kota Jakarta Selatan
Tech IT Infrastructure Intern,Halodoc,Kota Jakarta Selatan
Information Security & Data Privacy Intern,Halodoc,Kota Jakarta Selatan
Mobile Developer - REACT NATIVE ,Emtek,Kota Jakarta Pusat
Web Developer ,Emtek,Kota Jakarta Pusat
HR System & Analytics ,Emtek,Kota Jakarta Pusat
IT Support,Emtek,Kab. Bogor
IT Broadcast Intern – Production Services ,Emtek,Kota Jakarta Pusat
IT,Emtek,Kota Tangerang
IT Network ,Emtek,Kota Jakarta Barat
Network Operation Center (NOC) Engineer,Emtek,Kota Jakarta Pusat
Fullstack Developer,Emtek,Kota Jakarta Pusat
Mobile Apps (Flutter) Developer,Emtek,Kota Jakarta Pusat
Software Developer,Emtek,Kota Jakarta Pusat
Application Developer (Kab. Bogor Area),Emtek,Kota Jakarta Pusat
IT Support,Emtek,Kota Tangerang Selatan
Recruitment & Employee Database Project,KALLA GROUP,Kota Makassar
Market Data,KALLA GROUP,Kota Makassar
Redeveloping Driver Services Management System,KALLA GROUP,Kota Makassar
Fleet Management System,KALLA GROUP,Kota Makassar
Ashore Security,PELNI,Kota Jakarta Pusat
Information Technology Operation,PELNI,Kota Jakarta Pusat
Information Technology Development,PELNI,Kota Jakarta Pusat
Information Technology Planning and Governance,PELNI,Kota Jakarta Pusat
Data Scientist,Dinas Komunikasi Dan Informatika Kota Surabaya,Kota Surabaya
IT Security Engineer,Dinas Komunikasi Dan Informatika Kota Surabaya,Kota Surabaya
IT Support & Networking,Dinas Komunikasi Dan Informatika Kota Surabaya,Kota Surabaya
Web Design & Programmer,Dinas Komunikasi Dan Informatika Kota Surabaya,Kota Surabaya
Software Developer,Dinas Komunikasi Dan Informatika Kota Surabaya,Kota Surabaya
UI/UX Designer,CNN Indonesia,Kota Jakarta Selatan
IT Intern,CNN Indonesia,Kota Jakarta Selatan
News Developer (Reporter),CNN Indonesia,Kota Jakarta Selatan
Data Administration Sales,Dibimbing.id,Kota Jakarta Selatan
Quality Assurance,Dibimbing.id,Kota Jakarta Selatan
Product Manager IT,Dibimbing.id,Kota Jakarta Selatan
UI/UX Design,Dibimbing.id,Kota Jakarta Selatan
IT Staff,Dibimbing.id,Kota Jakarta Selatan
SERA - Mobile Developer,Astra,Kota Jakarta Utara
SERA - Visit Application (TRAC),Astra,Kota Jakarta Utara
SERA - Cyber Security Operation,Astra,Kota Jakarta Utara
SERA - System Analyst ,Astra,Kota Jakarta Utara
SERA - QA Engineer,Astra,Kota Jakarta Utara
SERA - Backend Developer,Astra,Kota Jakarta Utara
SERA - Frontend Developer ,Astra,Kota Jakarta Utara
SERA - Cyber Security Engineering,Astra,Kota Jakarta Utara
SERA – Data Analyst ,Astra,Kota Jakarta Utara
TSO - Data Intelligence Analyst,Astra,Kota Jakarta Utara
AIHO - ESG Data Management ,Astra,Kota Jakarta Utara
FIF - CRM Data Mining Support,Astra,Kota Jakarta Selatan
ADM-Digitalization Internship Program (CIT_Corp.Information Technology),Astra,Kota Jakarta Utara
MODA – System Analyst Intern ,Astra,Kota Jakarta Timur
Asuransi Astra - UI/UX Designer,Astra,Kota Jakarta Selatan
FIF - Compliance Data Analyst,Astra,Kota Jakarta Selatan
FIF - Data Analyst,Astra,Kota Jakarta Selatan
FIF – Backend Java Spring Boot ,Astra,Kota Jakarta Selatan
Plant Development Program (Data Scientist),Astra,Kota Jakarta Timur
TAM - Lexus Network Development Intern,Astra,Kota Jakarta Utara
TAM - Big Data Management,Astra,Kota Jakarta Utara
TAM - Toyota Network Development Intern,Astra,Kota Jakarta Utara
ADM – Database and Publication Project,Astra,Kota Jakarta Utara
TSO - Outlet Data Banking Analyst,Astra,Kota Jakarta Utara
UDAMI – Process and System Analyst Intern,Astra,Kota Jakarta Utara
ADMO - UX Researcher Intern,Astra,Kota Jakarta Utara
AHM – Data Science Analyst,Astra,Kota Jakarta Utara
AHM – People Network Development Analyst,Astra,Kota Jakarta Utara
AOP - Web Developer,Astra,Kota Jakarta Utara
TSO - Network Development Analyst,Astra,Kota Jakarta Utara
SERA – Operation & System Control Developer,Astra,Kota Jakarta Timur
SERA - UX Researcher (IBID),Astra,Kota Jakarta Timur
FIF – Data Analyst Internship ,Astra,Kota Jakarta Selatan
ADM – Digitalization Database Record / Operational Bank Data,Astra,Kab. Karawang
AHM – Software Engineer,Astra,Kota Jakarta Utara
IAMI - Network and Partnership Management,Astra,Kota Jakarta Utara
ADMO - Data Engineer Intern,Astra,Jakarta Selatan
MODA – IT Governance & Security Intern ,Astra,Kota Jakarta Timur
Commercial Data & Operation Intern,Lazada,Kota Jakarta Selatan
SERA - Data Engineer ,Astra,Kota Jakarta Utara
SERA – Artificial Intelligence Engineer ,Astra,Kota Jakarta Utara
AIHO – Corporate Management System Intern,Astra,Kota Jakarta Utara
AIHO - PDCA & System Management,Astra,Kota Jakarta Utara
Data Analyst Intern,Lazada,Kota Jakarta Selatan
"Data Analyst Intern (Goro, Kelapa Gading)",Lazada,Kota Jakarta Utara
"Performance and Data Analyst Intern (Goro, Kelapa Gading)",Lazada,Kota Jakarta Utara
Intern - Mobile & AI Programmer (HQ Serpong),Asia Pulp & Paper Sinar Mas,Kota Jakarta Pusat
Intern - IT Web Programmer (HQ Thamrin),Asia Pulp & Paper Sinar Mas,Kota Jakarta Pusat
Intern - Management System (Mill Tangerang),Asia Pulp & Paper Sinar Mas,Kota Jakarta Pusat
Intern - Web Programmer (HQ Thamrin),Asia Pulp & Paper Sinar Mas,Kota Jakarta Pusat
Intern - QA Assurance Tech (HQ Thamrin),Asia Pulp & Paper Sinar Mas,Kota Jakarta Pusat
Intern - UI/UX (HQ Thamrin),Asia Pulp & Paper Sinar Mas,Kota Jakarta Pusat
SERA - Cloud DevOps Engineer ,Astra,Kota Jakarta Utara
SERA - System Administrator ,Astra,Kota Jakarta Utara
SERA – Network Engineer ,Astra,Kota Jakarta Utara
Intern - Master Data Governance (HQ Serpong),Asia Pulp & Paper Sinar Mas,Kota Jakarta Pusat
Intern - IT Human Resource (HQ Serpong),Asia Pulp & Paper Sinar Mas,Kota Jakarta Pusat
Intern - IT Finance Accounting Technical (HQ Serpong),Asia Pulp & Paper Sinar Mas,Kota Jakarta Pusat
Intern - IT Finance Accounting Project (HQ Serpong),Asia Pulp & Paper Sinar Mas,Kota Jakarta Pusat
TSO - System Development & Configuration Analyst,Astra,Kota Jakarta Utara
Game Developer,Sebangku Games,Kab. Sleman
UI/UX Designer,Sebangku Games,Kab. Sleman
Full Stack Developer,Sebangku Games,Kab. Sleman
IT QA,Sebangku Games,Kab. Sleman
DevOps,Sebangku Games,Kab. Sleman
Full Stack Developer,Sebangku Games,Kab. Sleman
Mobile App Developer,Sebangku Games,Kab. Sleman
UI/UX Designer,Sebangku Games,Kab. Sleman
Full Stack Web Developer,Sebangku Games,Kab. Sleman
Vidio - Content Curation & Programming,Vidio,Kota Jakarta Pusat
Vidio - Sports Programming,Vidio,Kota Jakarta Pusat
Programmer Engineer - Manuf,Pupuk Kaltim,Kota Bontang
Super Fantasy - Data Support Officer,Vidio,Kota Jakarta Pusat
Live & Go - Data Analyst,Vidio,Kota Jakarta Pusat
Staf Pengembangan Data - Adkor,Pupuk Kaltim,Kota Bontang
Web Developer,Infinite Learning,Kota Batam
Information System Management Service,Infinite Learning,Kota Batam
Mobile Developer : Technical Writer,Infinite Learning,Kota Batam
Mobile Developer : Asisten Mentoring Tecnical,Infinite Learning,Kota Batam
Mobile Developer : Technical Researcher,Infinite Learning,Kota Batam
Game Developer,Infinite Learning,Kota Batam
Data Support,PT. AEON INDONESIA,Kab. Tangerang
UX Writer,AwanTunai,Kota Jakarta Selatan
IT Support,AwanTunai,Kota Jakarta Selatan
Data Analyst,AwanTunai,Kota Jakarta Selatan
Quality Assurance Risk Supplier,AwanTunai,Kota Jakarta Selatan
Data Scientist,AwanTunai,Kota Jakarta Selatan
IT Infrastructure Engineer Staff,Trans Retail Indonesia,Kota Jakarta Pusat
FMCG Merchandise  Data Staff,Trans Retail Indonesia,Kota Jakarta Pusat
IT Application Staff,Trans Retail Indonesia,Kota Jakarta Pusat
"Pengembang Aplikasi, Pengelola Data dan Informasi",LLDikti Wilayah III,Kota Jakarta Timur
Analisis Data Pendidik Perguruan Tinggi,LLDikti Wilayah III,Kota Jakarta Timur
Pengolah Data Penjaminan Mutu (Internship),LLDikti Wilayah III,Kota Jakarta Timur
Analisis Pengelolaan Data dan Informasi,LLDikti Wilayah III,Kota Jakarta Timur
Pengelola Data Kerja Sama Perguruan Tinggi,LLDikti Wilayah III,Kota Jakarta Timur
Data Analyst,Telkom,Kota Bandung
Full Stack Developer,Telkom,Kota Jakarta Barat
UI/UX Designer,Telkom,Kota Jakarta Barat
Data Processing and Visualization,Telkom,Kota Jakarta Selatan
Data Scientist,Telkom,Kota Bandung
Developer,Telkom,Kota Bandung
Full Stack Developer,Telkom,Kota Jakarta Barat
Data Collection / Data Analyst,Telkom,Kota Makassar
Data Analyst,Telkom,Kota Bandung
UI/UX Research,Telkom,Kota Bandung
Developer,Telkom,Kota Bandung
UI/UX Designer,Telkom,Kota Bandung
System Quality Assurance,Telkom,Kota Bandung
Data Analyst,Telkom,Kota Bandung
Fullstack Developer,Telkom,Kota Bandung
UI/UX Specialist,Telkom,Kota Bandung
Data Analyst & IT Dashboard Developer,Telkom,Kota Jakarta Selatan
Analisis Data,Telkom,Kota Sorong
Data Processing and Visualization / Data Collection - Data Analyst,Telkom,Kota Makassar
Data Collection / Data Analyst,Telkom,Kota Balikpapan
Analis Data,Telkom,Kota Manado
Web Developer,Telkom,Kota Gorontalo
Admin Web/ database,Telkom,Kota Gorontalo
Server Developer,Telkom,Kota Gorontalo
Database Developer/ Programmer,Telkom,Kota Gorontalo
Data Management dan Visualitation,Telkom,Kota Makassar
Data Scientist,Telkom,Kota Jakarta Selatan
Developer,Telkom,Kota Jakarta Selatan
Programmer (Back End & Front End),Telkom,Kota Makassar
Data Processing and Visualization,Telkom,Kota Jakarta Selatan
Data Analyst,Telkom,Kota Jakarta Selatan
Web Developer,Telkom,Kota Palangka Raya
Data Processing and Visualization,Telkom,Kota Jakarta Selatan
Programmer,Telkom,Kota Medan
Data Analyst,Telkom,Kota Jakarta Selatan
Data Engineer,Telkom,Kota Jakarta Selatan
Data Analyst,Telkom,Kota Jakarta Selatan
Sistem Analyst & QA,Telkom,Kota Bandung
UI/UX Designer,Telkom,Kota Bandung
UI/UX Research.,Telkom,Kota Bandung
Data Analyst,Telkom,Kota Bandung
Front-end Web Developer,Telkom,Kota Bandung
Front-end Mobile Developer,Telkom,Kota Bandung
Back-end Developer,Telkom,Kota Bandung
Devops,Telkom,Kota Bandung
Data Support,Telkom,Kota Jakarta Selatan
Learning Module Developer,Telkom,Kota Bandung
Fullstack Developer,Telkom,Kota Jakarta Barat
Data Collection / Data Analyst,Telkom,Kota Palangka Raya
Data Support,Telkom,Kota Jakarta Selatan
Analis Data,Telkom,Kota Makassar
Learning Module Developer,Telkom,Kota Bandung
Game Developer,Telkom,Kota Jakarta Barat
Data Processing and Visualization,Telkom,Kota Bandung
UI-UX Designer,Telkom,Kota Jakarta Barat
Developer,Telkom,Kab. Karawang
Front-end Web Developer,Telkom,Kota Bandung
UI-UX Designer,Telkom,Kota Bandung
Back-end Web Developer,Telkom,Kota Bandung
Web and Mobile Programming,Telkom,Kota Manado
Big Data Analis,Telkom,Kota Manado
Programming,Telkom,Kota Manado
Data processing and visualization,Telkom,Kota Sukabumi
Data Analyst,Telkom,Kota Bandung
UI/UX Designer,Telkom,Kota Bandung
UI/UX Designer,Telkom,Kota Bandung
Programming,Telkom,Kota Manado
Web Developer,Telkom,Kota Balikpapan
Staff Administratif data pada unit PRQ,Telkom,Kab. Karawang
Front-End Web Developer,Sekolah Kak Seto Grup,Kota Depok
SAP ABAP Programmer (Boyolali),PT. Pan Brothers Tbk & Group,PT Pan Brothers Tbk & Group
QA - QC  (Tangerang & Boyolali),PT. Pan Brothers Tbk & Group,PT Pan Brothers Tbk & Group
IT Product Analyst Intern,TEMAS,Kota Jakarta Utara
Information Technology  (Boyolali),PT. Pan Brothers Tbk & Group,PT Pan Brothers Tbk & Group
Compliance System (Boyolali),PT. Pan Brothers Tbk & Group,PT Pan Brothers Tbk & Group
IT Developer Intern,TEMAS,Kota Jakarta Utara
IT Quality Assurance Intern,TEMAS,Kota Jakarta Utara
Programmer,Sekolah Kak Seto Grup,Kota Tangerang Selatan
UI/UX Designer (Bukit Teknologi),BUMA,Kota Jakarta Selatan
Data Analyst,KLY (Kapanlagi Youniverse),Kota Jakarta Pusat
"IT (BRC, Balikpapan)",BUMA,Kota Jakarta Selatan
IT Management Networking (HO),BUMA,Kota Jakarta Selatan
IT Security (HO),BUMA,Kota Jakarta Selatan
Tecnology Solution - UI/UX Designer (HO),BUMA,Kota Jakarta Selatan
IT Operation (HO),BUMA,Kota Jakarta Selatan
Quality Assurance Engineer (Bukit Teknologi),BUMA,Kota Jakarta Selatan
System and Technology (BIRU) ,BUMA,Kota Jakarta Selatan
IT ( Jobsite Kalimantan),BUMA,Kota Jakarta Selatan
SHE Technology (HO),BUMA,Kota Jakarta Selatan
IT System Administrator (HO),BUMA,Kota Jakarta Selatan
Information Technology Intern,Indomaret,Kota Jakarta Utara
Analis Data Statistik Pelayanan Pengaduan,Disdukcapil Kota Surabaya,Kota Surabaya
Service Quality Assurance,Disdukcapil Kota Surabaya,Kota Surabaya
Educational Content Developer,Studycle,Kab. Sleman
Pengolah Data dan Jaringan,LLDikti Wilayah VIII,"Kota Denpasar, Provinsi Bali"
"Pengumpulan dan pengolahan data, analisis data",LLDikti Wilayah VIII,"Kota Denpasar, Provinsi Bali"
Pengolah Data Kelembagaan,LLDikti Wilayah VIII,"Kota Denpasar, Provinsi Bali"
Pengolah Data Akademik dan Kemahasiswaan,LLDikti Wilayah VIII,"Kota Denpasar, Provinsi Bali"
Web Developer,YHC QuIP (Quality Internship Program),Kab. Lombok Timur
Web Developer,YHC QuIP (Quality Internship Program),Kab. Barito Kuala
UI UX Designer,YHC QuIP (Quality Internship Program),Kab. Barito Kuala
"Pengolah Data BMN (Persediaan, Aset, dan Umum)",LLDikti Wilayah VIII,"Kota Denpasar, Provinsi Bali"
Pengolah Data Sumber Daya,LLDikti Wilayah VIII,"Kota Denpasar, Provinsi Bali"
Pengolah Data dan Informasi Kepegawaian,LLDikti Wilayah VIII,"Kota Denpasar, Provinsi Bali"
Data Analyst,PT. Indonesia Morowali Industrial Park,Kab. Morowali
Asisten Data Analis untuk Perencanaan Detil Restorasi Gambut,BRGM,"Jakarta, Sumatera Selatan, Kalimantan Tengah, Kalimantan Barat, Kalimantan Selatan, Jambi dan Riau"
Asisten Data Analis untuk Restorasi Gambut dan Rehabilitasi Mangrove,BRGM,"Provinsi D.K.I Jakarta, Sumatera Utara, Riau, Kalimantan Timur, Kalimantan Utara"
Asisten Enumerator Penyusunan Updating Data Perencanaan Restorasi Gambut,BRGM,"Provinsi D.K.I Jakarta, Sumatera Utara, Riau, Kalimantan Timur, Kalimantan Utara"
Digital & Data Analyst Intern ,Ivosights,Kota Jakarta Selatan
Quality Assurance Intern,Ivosights,Kota Jakarta Selatan
Admin Stream Data Intern,Ivosights,Kota Jakarta Selatan
Full Stack Developer Intern,Ivosights,Kota Jakarta Selatan
Application Developer ,Metrodata Academy,Kota Jakarta Barat
Application Developer - HRIS ,Metrodata Academy,Kota Jakarta Barat
UI/UX  Designer,Metrodata Academy,Kota Jakarta Barat
System Analyst,Metrodata Academy,Kota Jakarta Barat
Low Code Application,Metrodata Academy,Kota Jakarta Barat
Quality Assurance ,Metrodata Academy,Kota Jakarta Barat
IT TRAINER,Metrodata Academy,Kota Jakarta Barat
Network Field Engineer,Metrodata Academy,Kota Jakarta Barat
Network System Engineer,Metrodata Academy,Kota Jakarta Barat
IoT System Engineer,Metrodata Academy,Kota Jakarta Barat
IT and Information System Intern,PT Petrokimia Gresik,Kab. Gresik
Mobile Apps Developer ,Maritim Muda,Kota Jakarta Timur
Website Developer and Administrator,Maritim Muda,Kota Jakarta Timur
Data Analytics dan Tenaga Administrasi,BNI,Kota Jakarta Pusat
Data Analytics dan Tenaga Administrasi,BNI,Kota Jakarta Pusat
Retail Productive Network Policy and Procedure Department,BNI,Kota Jakarta Pusat
Analis Data,BNI,Kota Jakarta Pusat
Manager Xpora Business Programmer,BNI,Kota Jakarta Pusat
 Desainer UI/UX,BNI,Kota Jakarta Pusat
 Analis Data Analytics,BNI,Kota Jakarta Pusat
Data Management Intern,BNI,Kota Jakarta Pusat
Compliance Data Analytics (DA) Associate Intern Program,Bank CIMB Niaga,Kota Jakarta Selatan
HR System Project Intern,Bank CIMB Niaga,Kota Jakarta Selatan
Operations & IT Management Office Intern,Bank CIMB Niaga,Kota Tangerang Selatan
Software Engineer,STECHOQ,Kab. Sleman
IR Data Analyst,STP,Kab. Banyuwangi
Research Assistant of Aquaculture Technology & Development (BGP),STP,Kab. Purwakarta
UX Researcher & Writer,Bank BRI,Kota Jakarta Pusat
Front End Developer Intern,Bank BRI,Kota Jakarta Pusat
Back End Developer Intern,Bank BRI,Kota Jakarta Pusat
System Informasi,Bank BRI,Kota Jakarta Pusat
UI/UX Designer,Bank BRI,Kota Jakarta Pusat
Fullstack Developer,Bank BRI,Kota Jakarta Pusat
Data Management Intern,Bank BRI,Kota Jakarta Pusat
Data Analyst,Bank BRI,Kota Jakarta Pusat
Quality Assurance,STP,Kab. Gresik
System Management Officer,STP,Kab. Deli Serdang
Assistant Researcher of  Aquaculture Technology & Development (CM),STP,Kab. Purwakarta
 Research Assistant of Aquaculture Technology & Development (ME),STP,Kab. Purwakarta
Data Analytics (Kantor Pusat Jakarta),BPJS Ketenagakerjaan,Kota Jakarta Selatan
UI/UX Designer (Kantor Pusat Jakarta),BPJS Ketenagakerjaan,Kota Jakarta Selatan
Junior Programmer (Kantor Pusat Jakarta),BPJS Ketenagakerjaan,Kota Jakarta Selatan
IT Support (Kantor Pusat Jakarta),BPJS Ketenagakerjaan,Kota Jakarta Selatan
IT Support (Learning Center Bogor),BPJS Ketenagakerjaan,Kota Jakarta Selatan
Data Scientist (Kantor Pusat Jakarta),BPJS Ketenagakerjaan,Kota Jakarta Selatan
Data Analytics (KSI Kantor Pusat Jakarta),BPJS Ketenagakerjaan,Kota Jakarta Selatan
Data Governance (Kantor Pusat Jakarta),BPJS Ketenagakerjaan,Kota Jakarta Selatan
Data Analyst (KPP Kantor Pusat Jakarta),BPJS Ketenagakerjaan,Kota Jakarta Selatan
Data Interoperablity (Kantor Pusat Jakarta),BPJS Ketenagakerjaan,Kota Jakarta Selatan
UX Research Intern,StickEarn,Kota Jakarta Pusat
Data Engineer Intern,StickEarn,Kota Jakarta Pusat
QA Engineer Intern,StickEarn,Kota Jakarta Pusat
Data Entry Intern,StickEarn,Kota Jakarta Pusat
UI/UX Designer of CTARSA Foundation,detikcom,Kota Jakarta Selatan
Frontend Designer ERP,detikcom,Kota Jakarta Selatan
UI/UX Designer ERP,detikcom,Kota Jakarta Selatan
Frontend Designer (Ads),detikcom,Kota Jakarta Selatan
Frontend Developer of CTARSA Foundation,detikcom,Kota Jakarta Selatan
Backend Developer of CTARSA Foundation,detikcom,Kota Jakarta Selatan
Data Analyst,detikcom,Kota Jakarta Selatan
Full-Stack Developer ERP,detikcom,Kota Jakarta Selatan
Quality Assurance Manual Tester,detikcom,Kota Jakarta Selatan
UI Designer,detikcom,Kota Jakarta Selatan
UI/UX Designer Intern,StickEarn,Kota Jakarta Pusat
Data Analyst Intern,StickEarn,Kota Jakarta Pusat
Machine Learning Engineer Intern,StickEarn,Kota Jakarta Pusat
Technology Information Intern,StickEarn,Kota Jakarta Pusat
Frontend Engineer,ADS Digital Partner,Kota Surabaya
UI/UX Designer,ADS Digital Partner,Kota Surabaya
Backend Engineer,ADS Digital Partner,Kota Surabaya
Data Analyst,ADS Digital Partner,Kota Surabaya
Fullstack Web Developer,ADS Digital Partner,Kota Surabaya
IT Project Manager ,Citiasia Inc.,Kota Jakarta Selatan
UI/UX Designer,Citiasia Inc.,Kota Jakarta Selatan
Fullstack Developer ,Citiasia Inc.,Kota Jakarta Selatan
System Analyst ,Citiasia Inc.,Kota Jakarta Selatan
UI/UX Designer,Pilih Jurusan,Kota Depok
Back-End Web Developer,Pilih Jurusan,Kota Depok
Front-End Web Developer,Pilih Jurusan,Kota Depok
Full-Stack Web Developer,PT Otak Kanan,Kota Surabaya
UI/UX Developer,PT Otak Kanan,Kota Surabaya
Android & IOS (Mobile Developer),PT Otak Kanan,Kota Surabaya
Core Network Engineer ,Huawei,Kota Jakarta Selatan
IT Digital Marketing,ATT Group,Kota Jakarta Barat
Full Stack Web Developer,Dankos,Kab. Bekasi
Web Developer,Dankos,Kab. Bekasi
Machine Learning Developer,Dankos,Kab. Bekasi
Unity Developer,Dankos,Kab. Bekasi
Robotic Process Automation Developer,Dankos,Kab. Bekasi
System Engineer,IDCloudHost,Kota Bogor
Network Engineer,IDCloudHost,Kota Bogor
Frontend Developer,Bukit Vista,Kab. Badung
Backend Developer,Bukit Vista,Kab. Badung
Flutter Developer,Bukit Vista,Kab. Badung
Quality Assurance,Bukit Vista,Kab. Badung
Business Data Scientist,Bukit Vista,Kab. Badung
Data Engineer,Bukit Vista,Kab. Badung
AI Prompt Engineer,Bukit Vista,Kab. Badung
AI Engineer - Computer Vision,Bukit Vista,Kab. Badung
Data Analyst,LLDIKTI Wilayah VI,Kota Semarang
Data analyst,LLDIKTI Wilayah VI,Kota Semarang
Web Developer,LLDIKTI Wilayah VI,Kota Semarang
Data Analyst/ Researcher,Kampus Merdeka Bank Indonesia (KMBI),Kota Jakarta Pusat
Full Stack Developer,Arkatama,Kota Malang
UI/UX Designer,Arkatama,Kota Malang
Software Tester And Documentator,Arkatama,Kota Malang
Front End Developer,Arkatama,Kota Malang
WordPress Developer,Arkatama,Kota Malang
Fullstack Developer Intern ,Nusantara Infrastructure,Kota Tangerang Selatan
Analis Data Informatika,Nusantara Infrastructure,Kota Pontianak
Analis Data Sipil ,Nusantara Infrastructure,Kota Pontianak
IT Intern,Nusantara Infrastructure,Kota Makassar
Flutter Developer Intern ,Nusantara Infrastructure,Kota Jakarta Selatan
UI/UX Designer Intern ,Nusantara Infrastructure,Kota Jakarta Selatan
Fullstack Developer Intern ,Nusantara Infrastructure,Kota Jakarta Selatan
Data Analyst Intern,Nusantara Infrastructure,Kota Jakarta Selatan
Flutter Developer Intern ,Nusantara Infrastructure,Kota Tangerang Selatan
"Quality Assurance, Quality Control - Research & Development (QAQC - R&D)",PT Mustika Ratu Tbk,Kota Jakarta Timur
IT,PT Mustika Ratu Tbk,Kota Jakarta Timur
UI/UX Designer ,Maxy Academy,Kota Surabaya
Full Stack Developer,Maxy Academy,Kota Surabaya
Full Stack Developer ,Maxy Academy,Kota Jakarta Selatan
IT Asset,Anteraja,Kota Jakarta Selatan
Data Analytic ,Maybank Indonesia,Kota Jakarta Pusat
IT Procurement,Maybank Indonesia,Kota Jakarta Pusat
Research Development IT Intern,Maybank Indonesia,Kota Jakarta Pusat
Programmer & Developer  IT ,Maybank Indonesia,Kota Jakarta Pusat
Branch Operation & Network Development Intern,Maybank Indonesia,Kota Jakarta Pusat
Human capital information system,Maybank Indonesia,Kota Jakarta Pusat
Backend Developer,Suitmedia,Kota Jakarta Selatan
Mobile UI/UX Designer,Suitmedia,Kota Jakarta Selatan
Web UI/UX Designer,Suitmedia,Kota Jakarta Selatan
System Analyst,Suitmedia,Kota Jakarta Selatan
Mobile Developer,Suitmedia,Kota Jakarta Selatan
Frontend Developer,Suitmedia,Kota Jakarta Selatan
UI/UX Designer,PT Kurnia Ciptamoda Gemilang,Kota Jakarta Selatan
Web Developer,PT Kurnia Ciptamoda Gemilang,Kota Jakarta Selatan
"Front End, Back End, Full Stack Engineer",EDUCOURSE,Kota Tangerang Selatan
IT Crew,DP3APPKB Surabaya,Kota Surabaya
Tim Analisis dan Advokasi Kebijakan (Olah data & Analisis Kajian),"BSKAP, Kemendikbudristek",Kota Jakarta Pusat
Tim Evaluasi Kebijakan dan Sistem Pendidikan  (Olah data & Analisis Kajian),"BSKAP, Kemendikbudristek",Kota Jakarta Pusat
Business Developer,Coca-Cola Europacific Partners Indonesia,"Jakarta, Bandung, Yogyakarta, Surabaya"
Front End Developer Intern,Oneject,Kota Jakarta Selatan
Programmer Intern,Jalin,Kota Jakarta Selatan
Quality Assurance Intern,Jalin,Kota Jakarta Selatan
DevOps Engineer,Widya Robotics,Kab. Sleman
System Analyst,Widya Robotics,Kab. Sleman
Software Engineer,Widya Robotics,Kab. Sleman
Security Operations Center (SOC) Analyst,Widya Robotics,Kab. Sleman
UI UX ,Widya Robotics,Kab. Sleman
Quality Assurance,Widya Robotics,Kab. Sleman
Backend,Widya Robotics,Kab. Sleman
Frontend,Widya Robotics,Kab. Sleman
AI Engineer,Widya Robotics,Kab. Sleman
Data Analyst Intern,Oneject,Kota Jakarta Selatan
Claim Quality Assurance Intern ,Zurich Indonesia,Kota Jakarta Selatan
IT Intern ,Zurich Indonesia,Kota Jakarta Selatan
Business & Data Analytics Intern,Zurich Indonesia,Kota Jakarta Selatan
Medicillin Provider Intern (Data insight and Provider Segmentation),Zurich Indonesia,Kota Jakarta Selatan
IT Administrator,International Test Center,Kota Jakarta Selatan
UI/UX Designer,International Test Center,Kota Jakarta Selatan
System Analyst ,PT.Garuda Cyber Indonesia,Kota Pekanbaru
Programmer,PT.Garuda Cyber Indonesia,Kota Pekanbaru
Software Tester,Otoritas Jasa Keuangan,Kota Jakarta Selatan
Asisten Analis Junior Data Analytic,Otoritas Jasa Keuangan,Kota Jakarta Selatan
Underwriting Technology Analyst Intern,Home Credit Indonesia,Kota Jakarta Selatan
HR Data Analyst,Home Credit Indonesia,Kota Jakarta Selatan
IOS Developer Intern,Home Credit Indonesia,Kota Jakarta Selatan
SDET (Software Development Engineer in Test) Intern,Home Credit Indonesia,Kota Jakarta Selatan
Web Developer Intern,Home Credit Indonesia,Kota Jakarta Selatan
IT Audit Intern,Home Credit Indonesia,Kota Jakarta Selatan
IT Vendor Management Intern,Home Credit Indonesia,Kota Jakarta Selatan
IT Security Development Intern,Home Credit Indonesia,Kota Jakarta Selatan
IT Risk & Compliance Intern,Home Credit Indonesia,Kota Jakarta Selatan
IT Service Desk Intern,Home Credit Indonesia,Kota Jakarta Selatan
IT Tools Automation Intern,Home Credit Indonesia,Kota Jakarta Selatan
System Analyst Intern,Home Credit Indonesia,Kota Jakarta Selatan
Antifraud QA Intern,Home Credit Indonesia,Kota Jakarta Selatan
IT Warehouse Management Intern,Home Credit Indonesia,Kota Jakarta Selatan
IT Helpdesk Intern,Home Credit Indonesia,Kota Jakarta Selatan
IT Security Operation Intern,Home Credit Indonesia,Kota Jakarta Selatan
Android Developer Intern,Home Credit Indonesia,Kota Jakarta Selatan
IT Productivity Excellence Intern,Home Credit Indonesia,Kota Jakarta Selatan
Backend Engineer Intern,Home Credit Indonesia,Kota Jakarta Selatan
UX Designer,Home Credit Indonesia,Kota Jakarta Selatan
UX Researcher,Home Credit Indonesia,Kota Jakarta Selatan
UX Writer,Home Credit Indonesia,Kota Jakarta Selatan
Business Data Analyst Intern,Home Credit Indonesia,Kota Jakarta Selatan
Programmer System Koperasi,Jababeka & Co,Kab. Bekasi
Network Engineer,Jababeka & Co,Kab. Bekasi
Programmer ATS Rekrutmen,Jababeka & Co,Kab. Bekasi
IT Data Engineer,Jababeka & Co,Kab. Bekasi
IT Programmer (.Net),Jababeka & Co,Kab. Bekasi
IT Quality Assurance,Jababeka & Co,Kab. Bekasi
Administrasi System Development,Jababeka & Co,Kab. Bekasi
Programmer Purchasing and Budget Control,Jababeka & Co,Kab. Bekasi
Programmer HR Assessment,Jababeka & Co,Kab. Bekasi
Data Scientist dan Data Analyst ,Jababeka & Co,Kab. Kepulauan Morotai
Sistem Informatika Data Management,Jababeka & Co,Kab. Kepulauan Morotai
IT Support,Jababeka & Co,Kab. Bekasi
Database Administration,Jababeka & Co,Kab. Bekasi
Programmer EHS Data System,Jababeka & Co,Kab. Bekasi
Junior Corporate Management System Officer, ,Kota Jakarta Timur
System and Technologhy,Indekstat,Kota Jakarta Selatan
Data Processing & Analyst,Indekstat,Kota Jakarta Selatan
Assessment Developer,Sekolah.mu,Kota Jakarta Selatan
Full Stack Web Developer,INDI Technology,Kota Jakarta Timur
Mobile Developer,INDI Technology,Kota Jakarta Timur
Product Developer,INDI Technology,Kota Jakarta Timur
Information Technology Officer ,The Alana Hotel &Conference Center Malioboro Yogyakarta By ASTON,Kota Yogyakarta
Programmer,BPJPH,Kota Jakarta Timur
Data Analyst,BPJPH,Kota Jakarta Timur
TV Programming Team,NET.,Kota Jakarta Selatan
Strategic IT Project Group,Solo Technopark,Kota Surakarta
Software Engineer (Backend) - Intern,Sekolah.mu,Kota Jakarta Selatan
UI/UX Designer,Sekolah.mu,Kota Jakarta Selatan
Admin Data Murid & Penjualan,Sekolah.mu,Kota Jakarta Selatan
